year,n,pdh_auc,pdh_core3_auc,pdh_brier_skill,pdh_accuracy,pdl_auc,pdl_core3_auc,pdl_brier_skill,pdl_accuracy,up_mae_skill,down_mae_skill
2017,257,0.8285888077858881,0.8189172749391728,0.3465022921506413,0.7431906614785992,0.7888672113156932,0.7696622363126449,0.23331009523357138,0.6809338521400778,0.003754757248428331,-0.01954342430232403
2018,258,0.7821422076741227,0.7727465599806025,0.21649371734155187,0.6782945736434108,0.7326923076923076,0.7580528846153847,0.12649399355134883,0.624031007751938,-0.025027247607505743,-0.02705410970483313
2019,258,0.8372652864708714,0.8287193066923447,0.3651238143467781,0.7906976744186046,0.7937752878929349,0.7967009025832555,0.24243460566312725,0.7248062015503876,0.005927821166582969,-0.025294901221813992
2020,259,0.8286231884057971,0.8245169082125603,0.33172785162913876,0.7104247104247104,0.804525993883792,0.7957798165137615,0.27310016271816917,0.7297297297297297,0.008594355717899349,-0.014394217907974793
2021,258,0.8451322115384616,0.8593149038461538,0.35685252032604564,0.7635658914728682,0.8224412066985066,0.8240130584607944,0.2993060552710288,0.7325581395348837,-0.029346874053427285,-0.023150048783028065
2022,258,0.8190836940836941,0.8082611832611832,0.3040123354399905,0.7248062015503876,0.7778045112781954,0.783157894736842,0.2182599301056175,0.7170542635658915,-0.009903488470782262,0.0247157471062478
2023,257,0.8209741912031988,0.8115836665454985,0.2988722084669918,0.7626459143968871,0.8430648092065415,0.8304058146577832,0.33778014065760775,0.7626459143968871,-0.013484626014619083,0.0232779163323803
2024,259,0.8008775093160235,0.8016588532275514,0.27948247499664713,0.7142857142857143,0.7588126159554731,0.7520717377860235,0.204329792261019,0.6988416988416989,-0.002362629901693891,0.006250952584938685
2025,258,0.855851952713994,0.8343133007365229,0.3724538672086808,0.7635658914728682,0.7779063786008231,0.7625385802469136,0.24214991451685364,0.7170542635658915,0.04944176441024217,-0.012480015479935602
2026,25,0.7936507936507937,0.753968253968254,0.09312240736792254,0.72,0.5694444444444444,0.5555555555555556,-0.20333009378903455,0.52,0.12119396247860836,0.029648543294848118
