bin,n,mean_pred,realized
"(-0.001, 0.1]",281,0.06198596030694088,0.4092526690391459
"(0.1, 0.2]",384,0.15311086058091664,0.3880208333333333
"(0.2, 0.3]",365,0.2511484075149147,0.38904109589041097
"(0.3, 0.4]",333,0.34986008700581367,0.45345345345345345
"(0.4, 0.5]",282,0.4476988132560152,0.41134751773049644
"(0.5, 0.6]",231,0.5448260109822288,0.36796536796536794
"(0.6, 0.7]",213,0.6458900492914987,0.43661971830985913
"(0.7, 0.8]",175,0.7485481262179506,0.4228571428571429
"(0.8, 0.9]",125,0.8432140682149653,0.392
"(0.9, 1.0]",34,0.9332010993629639,0.4117647058823529
